-2.161663044301084108e-02,2.394733162698473722e-02,2.384860692426127582e-01
-1.929963181723498913e-02,2.358917686650335854e-02,2.382130073613424326e-01
-1.701902793275565651e-02,2.323862357091264347e-02,2.379533366253001603e-01
-1.481067089046786238e-02,2.290912001502777920e-02,2.377057370049855956e-01
-1.269851468707201315e-02,2.261681016420066456e-02,2.374578328182534726e-01
-1.070089407336448882e-02,2.237482096234828452e-02,2.371814480142338810e-01
-8.834926536532564795e-03,2.218875822309551021e-02,2.368795517242642257e-01
-7.115168723459337416e-03,2.205482068272809903e-02,2.366011982233073296e-01
-5.551689184610963945e-03,2.196220225514580390e-02,2.363577142258307673e-01
-4.145737484513601148e-03,2.189833773124905819e-02,2.361376896183832175e-01
-2.890574272997869457e-03,2.185194180876403464e-02,2.359334441069695365e-01
-1.775100139478927481e-03,2.181418603631822550e-02,2.357322830979455552e-01
-7.936797111039218828e-04,2.177884517128962985e-02,2.355482971345265741e-01
5.456007358337002129e-05,2.174099735219869531e-02,2.353664603120267929e-01
7.724361229383813060e-04,2.169677019719771366e-02,2.351437234038540325e-01
1.366321822956889469e-03,2.164373299414219451e-02,2.348853886202243169e-01
1.845707121892968625e-03,2.158041961541610348e-02,2.346490911856344286e-01
2.220819424181444054e-03,2.150630032415313392e-02,2.344820642237708808e-01
2.501159083118872223e-03,2.142325586332556597e-02,2.343727325590254928e-01
2.697602476445966346e-03,2.133713062997402016e-02,2.342810886420483851e-01
2.823832976529540469e-03,2.125620936328131982e-02,2.341704016801776644e-01
2.894935493418531250e-03,2.118730952799851089e-02,2.340496871695098846e-01
2.926564962548675302e-03,2.113434144995204877e-02,2.339509032718859738e-01
2.932567340731411908e-03,2.109924150167516096e-02,2.338896933817126988e-01
2.922912815163308115e-03,2.108347835392717154e-02,2.338575839726997341e-01
2.904055048378878599e-03,2.108880427109054850e-02,2.338362968996112734e-01
2.879441388857182510e-03,2.111787149733247021e-02,2.338178519053858151e-01
2.849423597915783958e-03,2.117363062630965923e-02,2.338046811401096881e-01
2.812927212954431221e-03,2.125769001697276964e-02,2.338068894556287747e-01
2.767229420336170340e-03,2.137092741331663576e-02,2.338308754443988446e-01
2.708421488258523809e-03,2.151360028989892856e-02,2.338714178211870331e-01
2.632078112035365295e-03,2.168414970712153472e-02,2.339120961440336877e-01
2.535018103541963191e-03,2.187821365069557086e-02,2.339423457573266141e-01
2.417718095023279300e-03,2.208890947120737899e-02,2.339673626996204292e-01
2.283307424190671349e-03,2.230914685180321322e-02,2.340004616785898994e-01
2.136791212047084183e-03,2.253261371372794128e-02,2.340478047130899741e-01
1.986375152304570291e-03,2.275278596729286146e-02,2.341069722194019376e-01
1.841538729502034287e-03,2.296377528611403401e-02,2.341668230067426304e-01
1.711366265503034244e-03,2.316175947154389125e-02,2.342144928516148306e-01
1.602869253750504588e-03,2.334489015176842777e-02,2.342455109145954728e-01
1.520713134715376367e-03,2.351400857452100659e-02,2.342593200331846148e-01
1.469073887944788437e-03,2.367220820590646910e-02,2.342565784022611897e-01
1.454291673651180762e-03,2.382087715515967402e-02,2.342443635827111958e-01
1.485325137029395873e-03,2.395980460052957173e-02,2.342278766549801272e-01
1.574069011971129155e-03,2.408615814257310944e-02,2.342018054501381341e-01
1.735558419967724551e-03,2.419565946726058570e-02,2.341585490397574409e-01
1.987302327927046447e-03,2.428033042177223100e-02,2.340957905152010188e-01
2.346458652866559042e-03,2.432824552387775549e-02,2.340131295494915498e-01
2.829679112089524603e-03,2.432670830893528952e-02,2.339091192892411852e-01
3.450137819583281706e-03,2.426569652245638350e-02,2.337876953635140420e-01
4.214408337277528172e-03,2.413822910380652650e-02,2.336539040958031666e-01
5.121219313736683106e-03,2.393935429251259697e-02,2.334992067487908773e-01
6.161021059268420932e-03,2.366689004149899120e-02,2.333188633210538654e-01
7.316897124417886741e-03,2.332173867552813848e-02,2.331069149855005684e-01
8.565194981696120161e-03,2.290703603723785384e-02,2.328608755769643046e-01
9.879104411491927001e-03,2.242676259450369566e-02,2.325998612403198107e-01
1.123649926690084393e-02,2.188561152074301394e-02,2.323390536761635317e-01
1.262246744806268250e-02,2.128809454478375676e-02,2.320830204236759564e-01
1.402872852961770458e-02,2.063812506557296048e-02,2.318399591735430809e-01
1.545471767894372045e-02,1.993741295293039242e-02,2.316232572086589780e-01
1.690580250437302701e-02,1.918495626929372921e-02,2.314371675175594112e-01
1.838743731353207830e-02,1.837679561580143894e-02,2.312734342973325752e-01
1.990181402300195135e-02,1.750676189055306795e-02,2.311211138587574432e-01
2.144695083136464661e-02,1.657176776811525309e-02,2.309837245952661711e-01
2.301644025336455068e-02,1.557195415860513146e-02,2.308779744307204451e-01
2.460122540572781333e-02,1.451440294077441240e-02,2.308181174658290036e-01
2.618877948973389116e-02,1.341238203765547816e-02,2.308179859258926714e-01
2.776218346978013424e-02,1.228452168317871462e-02,2.308736687251143893e-01
2.930338285672421522e-02,1.115365139433800203e-02,2.309637215679353484e-01
3.079120379988947026e-02,1.004303673561962248e-02,2.310619515745499508e-01
3.220780335476406547e-02,8.970566371529615363e-03,2.311550836417094745e-01
3.354173870634330479e-02,7.943677758723333843e-03,2.312442985181573929e-01
3.478413206854065465e-02,6.962716547315833150e-03,2.313432687033682988e-01
3.592614160907595805e-02,6.024494082911083410e-03,2.314647313649692839e-01
3.696200218838982532e-02,5.124688013451349916e-03,2.316126535132048136e-01
3.789079476098495408e-02,4.257247843395820658e-03,2.317871273190368897e-01
3.871367737884699040e-02,3.415164014673188059e-03,2.319875232262191833e-01
3.943327105881187095e-02,2.588093725365069736e-03,2.321998502774779705e-01
4.005506078324554131e-02,1.766701854927336685e-03,2.323871438752391771e-01
4.058587072894243725e-02,9.457422038271726551e-04,2.325228477995597010e-01
4.103301939945783877e-02,1.245489075561000830e-04,2.326069197126724997e-01
4.140537721773846630e-02,-6.929193399132818317e-04,2.326630389721122127e-01
4.171360766236636292e-02,-1.499011037948946683e-03,2.327222633928007212e-01
4.196914040342863278e-02,-2.287669647222937558e-03,2.328083522574544151e-01
4.218158552167612652e-02,-3.055853730245788619e-03,2.329216123297227214e-01
4.235974801238445719e-02,-3.799529390954316504e-03,2.330302020566308863e-01
4.250782348162063240e-02,-4.513281782139967439e-03,2.331100315668558631e-01
4.262738881877203151e-02,-5.193971611813317374e-03,2.331645111931057723e-01
4.272147752764036271e-02,-5.836705193486485706e-03,2.332096534414167532e-01
4.279770297350169589e-02,-6.436995839092667787e-03,2.332576575589878631e-01
4.286464949654104906e-02,-6.989593570275615467e-03,2.333184782172921246e-01
4.292815243420840948e-02,-7.488761461419673332e-03,2.334019241676288381e-01
4.299046732506057317e-02,-7.930735797735136150e-03,2.335167863811417055e-01
4.305116593541698233e-02,-8.313141576410144895e-03,2.336717482316223726e-01
4.311213416353662509e-02,-8.635065267935705668e-03,2.338588947407237439e-01
4.317805869329285201e-02,-8.898057458839788228e-03,2.340630155149255875e-01
4.325327861931530654e-02,-9.103346062029940219e-03,2.342800624225683248e-01
4.334007605027720422e-02,-9.250106550418154758e-03,2.345064884528378357e-01
4.343883292601759261e-02,-9.337257701062622733e-03,2.347286897235300041e-01
4.354963939641262605e-02,-9.363076383448281498e-03,2.349253581812307257e-01
4.367268320388496827e-02,-9.325405384763287356e-03,2.350897914628374552e-01
4.380812625587256204e-02,-9.222774827041979595e-03,2.352225503791514072e-01
4.395664085283802758e-02,-9.055582659452266620e-03,2.353233406525541971e-01
4.412075464871617614e-02,-8.826591712175103563e-03,2.353863034454382885e-01
4.430481450337561689e-02,-8.539228552100701364e-03,2.354061358385769465e-01
4.451564626194016300e-02,-8.196375098597824885e-03,2.353757319909038914e-01
4.476009382664523917e-02,-7.802004399878286270e-03,2.352933885237018241e-01
4.504197880084852973e-02,-7.363112179144669367e-03,2.351615265247281594e-01
4.536177629436968783e-02,-6.890207051561417217e-03,2.349897498605717228e-01
4.571771785652317677e-02,-6.396540994637099284e-03,2.347780516283424213e-01
4.610441273097778264e-02,-5.896400917159547519e-03,2.345392885144918782e-01
4.651205509354820050e-02,-5.404458395712120194e-03,2.342896973820549622e-01
4.692784990621860775e-02,-4.935262589725039790e-03,2.340424963961445504e-01
4.733776848162547096e-02,-4.503650114618590328e-03,2.338019512255986865e-01
4.772912506013402695e-02,-4.122480742152863885e-03,2.335706733356534559e-01
4.809282400946617714e-02,-3.801514328200100972e-03,2.333513393809626413e-01
4.842271378359188500e-02,-3.549443776969899225e-03,2.331568584164891433e-01
4.871450646098383908e-02,-3.373750317031585892e-03,2.330004746627997725e-01
4.896451015847316096e-02,-3.280580969855369147e-03,2.328894534200263711e-01
4.916958482527455931e-02,-3.275015630611052136e-03,2.328213025223782318e-01
4.932731809635447495e-02,-3.360117592913614178e-03,2.327906337966069716e-01
4.943689537305956394e-02,-3.535612755617647488e-03,2.327915971008165941e-01
4.949856655037437880e-02,-3.797760796338320657e-03,2.328160613014071401e-01
4.951303431181494630e-02,-4.139663089352109936e-03,2.328596216178486500e-01
4.948153540220558838e-02,-4.551422258097647701e-03,2.329223468459125923e-01
4.940692400626136432e-02,-5.021120839848151537e-03,2.330085449032635869e-01
4.929497054844159121e-02,-5.537095619928242979e-03,2.331288505018815904e-01
4.915241663094972735e-02,-6.089304326792062405e-03,2.332931101219507253e-01
4.898648506371661854e-02,-6.668721031835101246e-03,2.335047337438383164e-01
4.880291644371943099e-02,-7.267843045443658778e-03,2.337616641954767260e-01
4.860465998604811266e-02,-7.881194620082684205e-03,2.340652715215253699e-01
4.839404070407133523e-02,-8.503033523301804786e-03,2.344076557951527973e-01
4.817428556170424286e-02,-9.127153445514294555e-03,2.347692317557940889e-01
4.795101704633060458e-02,-9.747717245523141241e-03,2.351294820927742890e-01
4.773111367868668187e-02,-1.035910025258527517e-02,2.354774779797269568e-01
4.752248160931818455e-02,-1.095518132116109558e-02,2.358023649428086510e-01
4.733048582929152287e-02,-1.152995916622409980e-02,2.360887102146332628e-01
4.715870721354896433e-02,-1.207764211712749128e-02,2.363235392398618795e-01
4.700996936479828053e-02,-1.259144786896468880e-02,2.365081187672357088e-01
4.688589527648964750e-02,-1.306584334239197995e-02,2.366533090805112982e-01
4.678711812497668432e-02,-1.349692853036226631e-02,2.367701651170328048e-01
4.671282815711854525e-02,-1.388240467768813921e-02,2.368618851918754264e-01
4.666100294704600415e-02,-1.421964316827948466e-02,2.369341515916248420e-01
4.663016633590710142e-02,-1.450518194332804309e-02,2.369961165857492058e-01
4.661883046352024995e-02,-1.473473632015870685e-02,2.370551731134467321e-01
4.662345331626766703e-02,-1.490448068080858432e-02,2.371119810691779128e-01
4.664048102432860610e-02,-1.501228296636907336e-02,2.371607869180649697e-01
4.666797563488388201e-02,-1.505787196711265603e-02,2.371991164587701761e-01
4.670585054214016624e-02,-1.504213565133019279e-02,2.372268578931618910e-01
4.675370569344729221e-02,-1.496770520044994265e-02,2.372455431753965338e-01
4.681088632174160158e-02,-1.483964942552883776e-02,2.372590343927336587e-01
4.687708803715767703e-02,-1.466391711932695137e-02,2.372725021899029230e-01
4.695311940879390300e-02,-1.444659302794747482e-02,2.372906015812792369e-01
4.704060719785532058e-02,-1.419342460921595855e-02,2.373111881551947799e-01
4.714197601333518922e-02,-1.390926221504163070e-02,2.373272674547577954e-01
4.726030067222342090e-02,-1.359782272235565345e-02,2.373329319659753245e-01
4.739751272456035891e-02,-1.326312434041616167e-02,2.373262396979690658e-01
4.755293545613664685e-02,-1.290902395940428382e-02,2.373042119957917973e-01
4.772211861682520984e-02,-1.254019278531541028e-02,2.372632366537373860e-01
4.789881439093553184e-02,-1.216189756110328674e-02,2.371998793919778414e-01
4.807866803779475146e-02,-1.177979732974271387e-02,2.371146793735829372e-01
4.825886443790388530e-02,-1.139981049662109648e-02,2.370045005996176957e-01
4.843596859436313101e-02,-1.102823577112048252e-02,2.368747556507374563e-01
4.860577515280692373e-02,-1.067254734734904981e-02,2.367415331671077483e-01
4.876525248322390732e-02,-1.034090621159985263e-02,2.366111284627980815e-01
4.891391573826832373e-02,-1.004035531375683035e-02,2.364895432722509128e-01
4.905262508975146568e-02,-9.777718747404452043e-03,2.363874037172961906e-01
4.918024004327554294e-02,-9.559018176865378968e-03,2.363137389705732838e-01
4.929382106057388774e-02,-9.388654496557081661e-03,2.362620796154832337e-01
4.939242963580487561e-02,-9.268645971945176087e-03,2.362233714299291076e-01
4.947565407960581585e-02,-9.198630304544909431e-03,2.361926117291794913e-01
4.954276204990215593e-02,-9.177134164369080832e-03,2.361668485961583297e-01
4.959367916851231683e-02,-9.201975608745464885e-03,2.361459976819765272e-01
4.962858787658751963e-02,-9.269861267693097623e-03,2.361264644761930098e-01
4.964728352218879259e-02,-9.376323892671137306e-03,2.361083973655294932e-01
4.964974261917144693e-02,-9.516033263300128359e-03,2.360950023119887942e-01
4.963605987720495771e-02,-9.684460242779377101e-03,2.360850875726870912e-01
4.960584591087710549e-02,-9.877586046225017569e-03,2.360747892080941046e-01
4.955820111634565150e-02,-1.009248159699527303e-02,2.360609593461752143e-01
4.949185469475422816e-02,-1.032795397375551802e-02,2.360474875653695292e-01
4.940628106234780381e-02,-1.058349918051875067e-02,2.360437525246294466e-01
4.930335014494949264e-02,-1.085764382548259563e-02,2.360597240852474465e-01
4.918724154772483037e-02,-1.114744026846721699e-02,2.360976192041451260e-01
4.906405506036522896e-02,-1.144915976846718961e-02,2.361494717592077519e-01
4.893906923607132392e-02,-1.175943994850765263e-02,2.362093340704825017e-01
4.881405200815212148e-02,-1.207547173571685284e-02,2.362777966165340859e-01
4.868804101302151577e-02,-1.239492212114061062e-02,2.363609053498649248e-01
4.855915449489445895e-02,-1.271473116059491579e-02,2.364699476250503030e-01
4.842631288811683615e-02,-1.303015535033861735e-02,2.366002587503678867e-01
4.829073035919041745e-02,-1.333595159557519026e-02,2.367362270544902114e-01
4.815620026393748615e-02,-1.362736571779193245e-02,2.368666136397014621e-01
4.802666487060279488e-02,-1.389986148014327356e-02,2.369860274779512221e-01
4.790477834841595089e-02,-1.414901415476447349e-02,2.370864318531091530e-01
4.779194776299909575e-02,-1.437068313326432360e-02,2.371673247606440049e-01
4.768890705435471777e-02,-1.456147159494682909e-02,2.372363641886307273e-01
4.759661398566715496e-02,-1.471852819026421740e-02,2.372980115340204976e-01
4.751537640989755840e-02,-1.483929736815867498e-02,2.373523176787083466e-01
4.744463258744391343e-02,-1.492141517394145710e-02,2.374028670984695832e-01
4.738323672383100427e-02,-1.496374572365382141e-02,2.374589455753604028e-01
4.733101772052294987e-02,-1.496591718451454299e-02,2.375265789302635489e-01
4.728913635427546558e-02,-1.492807223883926837e-02,2.376016030043768268e-01
4.725945353993582509e-02,-1.485147948419506328e-02,2.376786993951161553e-01
4.724447943136823175e-02,-1.473937791965258468e-02,2.377487571091179142e-01
4.724541612298702870e-02,-1.459678507127274566e-02,2.378024760240290691e-01
4.726303339786142033e-02,-1.442980488855805966e-02,2.378382593882860385e-01
4.729713257855966413e-02,-1.424517589860006643e-02,2.378649558164814271e-01
4.734657541386454171e-02,-1.404886998628706966e-02,2.378888314056218090e-01
4.740909903164042954e-02,-1.384642321076305638e-02,2.379137919290227610e-01
4.748155444471177655e-02,-1.364300750431239433e-02,2.379409921258203164e-01
4.756023418456974128e-02,-1.344280043224998014e-02,2.379693513765985535e-01
4.764137598920567540e-02,-1.324822624820407024e-02,2.379967229766701831e-01
4.772107167691882340e-02,-1.305983900675035739e-02,2.380197835661831407e-01
4.779699156485703315e-02,-1.287749491888045585e-02,2.380370448030962038e-01
4.787000110945993647e-02,-1.270107226526634436e-02,2.380441916848549111e-01
4.794274294615639975e-02,-1.253042183779290789e-02,2.380423199154974856e-01
4.801787142739715603e-02,-1.236496161804855227e-02,2.380338948431010015e-01
4.809692516211564600e-02,-1.220476897725221964e-02,2.380224713058169406e-01
4.818016165643169979e-02,-1.205135268797594486e-02,2.380115130678189250e-01
4.826672644738969065e-02,-1.190709265178878026e-02,2.380057837333833526e-01
4.835419416938199766e-02,-1.177578999618778335e-02,2.380113575255039526e-01
4.843909868357247628e-02,-1.166170883249700689e-02,2.380283428293102355e-01
4.851801864727540992e-02,-1.156818267438807120e-02,2.380494176276575224e-01
4.858906017427944146e-02,-1.149755244341317713e-02,2.380679291181039825e-01
4.865303204279968624e-02,-1.145122287182362593e-02,2.380850799949391361e-01
4.871401307176566331e-02,-1.142981636522414149e-02,2.381047133057026810e-01
4.877833839902939728e-02,-1.143316545275699543e-02,2.381294961395662158e-01
4.885347192732932692e-02,-1.145962483379570074e-02,2.381555189694375685e-01
4.894716704025612458e-02,-1.150661966179125466e-02,2.381718314963211514e-01
4.906588989245307814e-02,-1.157173452924029587e-02,2.381702595549043955e-01
4.921278303768068796e-02,-1.165226255575894411e-02,2.381446815663818828e-01
4.938657350814001229e-02,-1.174452863917287496e-02,2.380907236062976828e-01
4.958303219292362757e-02,-1.184409339970913036e-02,2.380123581773176955e-01
4.979760417291032026e-02,-1.194767839945597154e-02,2.379189950704313217e-01
5.002393985605729787e-02,-1.205302412085426308e-02,2.378107090876685481e-01
5.025319884101507595e-02,-1.215777786547785413e-02,2.376902045937352992e-01
5.047386648950978605e-02,-1.225914240771266810e-02,2.375773546375785084e-01
5.067381301394171395e-02,-1.235525543343119273e-02,2.374907944287353578e-01
5.084479490000941293e-02,-1.244640073991535277e-02,2.374423970222017399e-01
5.098361083789874904e-02,-1.253436614061468821e-02,2.374308406453756737e-01
5.109119486647859670e-02,-1.262108886217065858e-02,2.374450902621360604e-01
5.117065783986399219e-02,-1.270758277774982486e-02,2.374716484883488410e-01
5.122639304796535592e-02,-1.279365332750998646e-02,2.375069582659282974e-01
5.126351193204962964e-02,-1.287818720603475277e-02,2.375556712254001113e-01
5.128502341319184088e-02,-1.295999741538760540e-02,2.376274615592350314e-01
5.129244731693794607e-02,-1.303879262336854299e-02,2.377191763467209618e-01
5.128728292116143533e-02,-1.311504934873342770e-02,2.378244454138150610e-01
5.127016521972148355e-02,-1.318965955797784043e-02,2.379389964050267203e-01
5.124139855369413271e-02,-1.326321311550353321e-02,2.380720652963863038e-01
5.120343230643926297e-02,-1.333576750423223593e-02,2.382268136876020126e-01
5.116048097096488612e-02,-1.340693122317689057e-02,2.384094511845593067e-01
5.111777453075015687e-02,-1.347576174904495036e-02,2.386109432280308917e-01
5.108143535698115439e-02,-1.354007904398559642e-02,2.388120327828783807e-01
5.105771513052367178e-02,-1.359678940993407775e-02,2.389954090557944721e-01
5.105128801426347951e-02,-1.364334075185716366e-02,2.391579796196914021e-01
5.106514895513124264e-02,-1.367911044818813024e-02,2.393029553833516121e-01
5.110064537998482148e-02,-1.370435641147796715e-02,2.394320831317450771e-01
5.115845368092543366e-02,-1.371965341282558107e-02,2.395449699843969771e-01
5.123904558253589148e-02,-1.372539536624937939e-02,2.396344841535655024e-01
5.134160623717916316e-02,-1.372205118659363884e-02,2.396937205167836149e-01
5.146407704452057863e-02,-1.371015176346589148e-02,2.397167889267790286e-01
5.160286981051530331e-02,-1.368961811210870835e-02,2.396932960567175197e-01
5.175232675404579930e-02,-1.365954661848544152e-02,2.396247063589690418e-01
5.190563124208723289e-02,-1.361866166477009379e-02,2.395260172553881628e-01
5.205654364431315517e-02,-1.356572362594977640e-02,2.394045914960276911e-01
5.219889563362092866e-02,-1.350000996395604377e-02,2.392763497207555101e-01
5.232698553947466580e-02,-1.342218979314758857e-02,2.391634465427487921e-01
5.243719109013339486e-02,-1.333428861255544010e-02,2.390707794834453781e-01
5.252829078149170994e-02,-1.323950108672510353e-02,2.389969452468901356e-01
5.260141534103879302e-02,-1.314158476703432624e-02,2.389487569719259130e-01
5.265842050444471956e-02,-1.304382092258173781e-02,2.389243939960908336e-01
5.270202215220849001e-02,-1.294911906224559262e-02,2.389156866942078461e-01
5.273532025791696776e-02,-1.286054964655792068e-02,2.389175898549514288e-01
5.276103429815219570e-02,-1.278112190945498300e-02,2.389254387168663896e-01
5.278082589024978705e-02,-1.271335076882852688e-02,2.389366425735946486e-01
5.279535112876171388e-02,-1.265900586789617255e-02,2.389503901779412576e-01
5.280552078378397685e-02,-1.261960565270776186e-02,2.389636870354395759e-01
5.281241264172583522e-02,-1.259614368807115969e-02,2.389744736580695084e-01
5.281649320087802163e-02,-1.258942894165996675e-02,2.389835387309851567e-01
5.281759848456869105e-02,-1.260029235069641020e-02,2.389912610136784854e-01
5.281543858099457811e-02,-1.262971529939004370e-02,2.389987809065499957e-01
5.281012948551286335e-02,-1.267847482563625588e-02,2.390075591358128970e-01
5.280107220253370259e-02,-1.274710389193713274e-02,2.390190389444341590e-01
5.278595879887369724e-02,-1.283561262467485323e-02,2.390305782137747137e-01
5.276360072292064080e-02,-1.294365355354772443e-02,2.390357500613446151e-01
5.273518910023945738e-02,-1.307020711383161810e-02,2.390364549946484285e-01
5.270182362549626770e-02,-1.321369555762982005e-02,2.390371932153138868e-01
5.266303351410568656e-02,-1.337261985292674364e-02,2.390438248624448814e-01
5.261705813783126851e-02,-1.354574151393167850e-02,2.390580782709479934e-01
5.256233541379951024e-02,-1.373171620581609478e-02,2.390806014836873994e-01
5.249792074640503847e-02,-1.392947381765699197e-02,2.391104120209759376e-01
5.242442679378496451e-02,-1.413758634636492692e-02,2.391460763475419249e-01
5.234396169867883142e-02,-1.435387877942916578e-02,2.391808645995457949e-01
5.225945667343343676e-02,-1.457575771172922065e-02,2.392085441807734469e-01
5.217335117153253099e-02,-1.480134557770346540e-02,2.392259468115089938e-01
5.208798603442033048e-02,-1.502898398508858632e-02,2.392362624852603648e-01
5.200456024820988843e-02,-1.525678950125152963e-02,2.392445286217028400e-01
5.192511072889800100e-02,-1.548214107443234705e-02,2.392547847099678882e-01
5.185082348691535947e-02,-1.570099896998859712e-02,2.392757610425740311e-01
5.178107950158552381e-02,-1.590844098249709349e-02,2.393061284832071478e-01
5.171394608794829817e-02,-1.609946870154643078e-02,2.393327318780791857e-01
5.164649667887966089e-02,-1.627072642250072115e-02,2.393351343744052895e-01
5.157757564335030409e-02,-1.641986264527414002e-02,2.393288766318094341e-01
5.150995428681263977e-02,-1.654401712874729868e-02,2.393231519263470108e-01
5.144798684800540312e-02,-1.664068991545085419e-02,2.393237933233464676e-01
5.139644420690918369e-02,-1.670811504070116721e-02,2.393368127856796979e-01
5.135793705044808949e-02,-1.674530200445144279e-02,2.393709675731995334e-01
5.133091767669016592e-02,-1.675348604378436648e-02,2.394382128695394518e-01
5.131360490679557490e-02,-1.673471145991304795e-02,2.395335727973374185e-01
5.130514286792359907e-02,-1.669167961357100743e-02,2.396275797095681614e-01
5.130614285310464845e-02,-1.662724348303851185e-02,2.396963282778249160e-01
5.131684323957085014e-02,-1.654469761687147114e-02,2.397363799012078300e-01
5.133586356794705291e-02,-1.644772993169529851e-02,2.397509239178445828e-01
5.136070402063609708e-02,-1.633991143342963803e-02,2.397478688992000229e-01
5.138824459546108281e-02,-1.622494274689614824e-02,2.397335093951808993e-01
5.141598446028314284e-02,-1.610567844198203952e-02,2.397132986358378459e-01
5.144264366600494187e-02,-1.598358918964086495e-02,2.396885471415997892e-01
5.146763290131037283e-02,-1.585908359330133466e-02,2.396576371500540037e-01
5.149011992960089712e-02,-1.573228220593818338e-02,2.396211283015640958e-01
5.150782570400234961e-02,-1.560387930159866723e-02,2.395785940026225469e-01
5.151957699043344108e-02,-1.547485942444818893e-02,2.395282224634055490e-01
5.152696242552665812e-02,-1.534665287924356566e-02,2.394718998705804847e-01
5.153411715717554076e-02,-1.522067594498610101e-02,2.394137310396798335e-01
5.154573811229377911e-02,-1.509750885276957798e-02,2.393530158720193757e-01
5.156532177421063734e-02,-1.497609227129377378e-02,2.392921722570103271e-01
5.159637225034956892e-02,-1.485444506843909204e-02,2.392305674142970462e-01
5.164242101244849448e-02,-1.473129559297614403e-02,2.391616996435632081e-01
5.170091362496886250e-02,-1.460952491844095744e-02,2.390842584336227983e-01
5.176695907564123761e-02,-1.449356690919041506e-02,2.389995478170359178e-01
5.183200205453625253e-02,-1.438922833970974514e-02,2.389228481886140620e-01
5.189000188887576970e-02,-1.429970502266155255e-02,2.388711126032547760e-01
5.193950091725263452e-02,-1.422542144201160985e-02,2.388528226707086199e-01
5.197950338221889871e-02,-1.416708577742106442e-02,2.388655255404197320e-01
5.200981276404106207e-02,-1.412502361201566775e-02,2.388949510228038642e-01
5.203138246200100792e-02,-1.409886602145910169e-02,2.389316913625034178e-01
5.204552661607957792e-02,-1.408775710372107970e-02,2.389719284013168688e-01
5.205406014078072657e-02,-1.409080027545893746e-02,2.390101254146020371e-01
5.205861304571941794e-02,-1.410698979656610508e-02,2.390425072097142611e-01
5.206050310905959572e-02,-1.413475561672414456e-02,2.390673994828990678e-01
5.206130592204512297e-02,-1.417258343871946429e-02,2.390830743438162043e-01
5.206275113746500205e-02,-1.421936841514591029e-02,2.390929762367042244e-01
5.206583166997152956e-02,-1.427393209692045042e-02,2.391000107611563341e-01
5.207124100364864117e-02,-1.433432880773456188e-02,2.391079583642744533e-01
5.207926411479558981e-02,-1.439779052961187057e-02,2.391159823681811014e-01
5.208931425409296656e-02,-1.446137605847070198e-02,2.391238796674890199e-01
5.210082756077948768e-02,-1.452304733369130969e-02,2.391323478143530801e-01
5.211373054412067607e-02,-1.458170581775086218e-02,2.391376544884384059e-01
5.212807666389700223e-02,-1.463693057296781494e-02,2.391390044237951540e-01
5.214367181543899665e-02,-1.468815919215609236e-02,2.391385375427187154e-01
5.215960441566650646e-02,-1.473466311108375185e-02,2.391357842307202664e-01
5.217498581448321016e-02,-1.477632555219817942e-02,2.391277592576165345e-01
5.218995213322118187e-02,-1.481419385315100451e-02,2.391145685695973133e-01
5.220627407811708615e-02,-1.485074282320282026e-02,2.391005294438865170e-01
5.222574944742142816e-02,-1.488848630822270369e-02,2.390883361961829434e-01
5.224850373210668253e-02,-1.492915694150915434e-02,2.390813117522549713e-01
5.227179059439790443e-02,-1.497324766459201192e-02,2.390803774348244648e-01
5.229056497538672743e-02,-1.502046615506480789e-02,2.390850007959004764e-01
5.229982093009807875e-02,-1.507040213326370746e-02,2.390892431818510411e-01
5.229679681845741945e-02,-1.512286471485735709e-02,2.390912289473426655e-01
5.228193911187424547e-02,-1.517758699318141891e-02,2.390959196357504701e-01
5.225722435845327890e-02,-1.523392359751560288e-02,2.391069861049259226e-01
5.222493733755789735e-02,-1.529112307154933785e-02,2.391265130498533287e-01
5.218724591878649843e-02,-1.534774142198544467e-02,2.391470195093207407e-01
5.214638780403027529e-02,-1.540175334292586025e-02,2.391603901269864774e-01
5.210506702440335924e-02,-1.545017122180577726e-02,2.391668713441987559e-01
5.206564909490509624e-02,-1.548977560298419633e-02,2.391736140894751839e-01
5.202918921633452320e-02,-1.551812207385953185e-02,2.391781929648369442e-01
5.199525949441188150e-02,-1.553371022097817418e-02,2.391774970859034122e-01
5.196293038150259780e-02,-1.553632882124169126e-02,2.391720481287941402e-01
5.193123911333186876e-02,-1.552650893457928512e-02,2.391657414258188397e-01
5.189946806997178946e-02,-1.550489110209720203e-02,2.391603493874715769e-01
5.186712739004843004e-02,-1.547225707570219072e-02,2.391528537507220664e-01
5.183430826211841980e-02,-1.542943620804045068e-02,2.391449464261546920e-01
5.180192159464416801e-02,-1.537814745371666840e-02,2.391379633806851035e-01
5.177230877022721833e-02,-1.532153047122574926e-02,2.391335149399530235e-01
5.174752760791331146e-02,-1.526295191955982788e-02,2.391378286286460209e-01
5.172870220463055002e-02,-1.520446685331353423e-02,2.391502604274464150e-01
5.171601337569112222e-02,-1.514720383564941916e-02,2.391674363804465742e-01
5.170936249034655680e-02,-1.509216364277594404e-02,2.391852936860726642e-01
5.170779439703321323e-02,-1.504047661836226124e-02,2.392012853662187910e-01
5.171062856228082760e-02,-1.499326830919959358e-02,2.392134731917145429e-01
5.171670594990261660e-02,-1.495154352680018797e-02,2.392234956495105647e-01
5.172490156949002826e-02,-1.491593845778603836e-02,2.392339669635778487e-01
5.173425656981291837e-02,-1.488684697083018753e-02,2.392435654721656868e-01
5.174362275873157363e-02,-1.486434827545098265e-02,2.392504595469217843e-01
5.175183953772822393e-02,-1.484827787391718341e-02,2.392528072882992851e-01
5.175813794190577133e-02,-1.483828537954906546e-02,2.392488172895939069e-01
5.176241589669823562e-02,-1.483376515189369776e-02,2.392370453273037489e-01
5.176492323392185846e-02,-1.483461377856760792e-02,2.392168956305774641e-01
5.176570007343579694e-02,-1.484125857570807276e-02,2.391914114001075786e-01
5.176526228886360603e-02,-1.485415572268896853e-02,2.391706961050867608e-01
5.176377465645021214e-02,-1.487345549825476801e-02,2.391569531984832908e-01
5.176141212845347672e-02,-1.489844093570805508e-02,2.391449721850747723e-01
5.175787170619640387e-02,-1.492828555386946192e-02,2.391275184572833612e-01
5.175310583442650769e-02,-1.496257808857416258e-02,2.391076507797195994e-01
5.174759954424292679e-02,-1.500174643111926165e-02,2.390947070930540819e-01
5.174224513261423131e-02,-1.504660453146315809e-02,2.390914300125046021e-01
5.173806531371265283e-02,-1.509796017145589517e-02,2.390968733846651484e-01
5.173557612331803474e-02,-1.515643515114770655e-02,2.391060971609411667e-01
5.173500364469089258e-02,-1.522189178611020599e-02,2.391078937620864375e-01
5.173663248151838534e-02,-1.529366054586353205e-02,2.391021067315306781e-01
5.174065302297245483e-02,-1.537042745882568479e-02,2.390973759049874192e-01
5.174662210579884791e-02,-1.545051730108862320e-02,2.391007560604705429e-01
5.175421191451794189e-02,-1.553219672630243645e-02,2.391141324595369155e-01
5.176383671539337705e-02,-1.561386485303649721e-02,2.391334723883406510e-01
5.177544654257615342e-02,-1.569447804776694100e-02,2.391504369800110941e-01
5.178774716630737962e-02,-1.577287308152561587e-02,2.391645224338812270e-01
5.179722285319528219e-02,-1.584748879257263932e-02,2.391771264014093956e-01
5.179971212578141776e-02,-1.591658438674473097e-02,2.391860343961228763e-01
5.179257072072693951e-02,-1.597910041909231943e-02,2.391897464407380935e-01
5.177450107713271743e-02,-1.603467598554993157e-02,2.391883117752530430e-01
5.174532160816729121e-02,-1.608354826662966933e-02,2.391857777215820047e-01
5.170668817713230253e-02,-1.612641869264726940e-02,2.391863555714762168e-01
5.166185278141739723e-02,-1.616504936832054498e-02,2.391883425235641070e-01
5.161444758551095302e-02,-1.620330756385851209e-02,2.391891242527217909e-01
5.156915407037443444e-02,-1.624690275628204450e-02,2.391878072728108040e-01
5.153203875435447001e-02,-1.630330996154635836e-02,2.391812891296714316e-01
5.151207504569828288e-02,-1.638117005370531148e-02,2.391636876237173692e-01
5.152212923538289358e-02,-1.648904606562181380e-02,2.391305780909535050e-01
5.157911577777572060e-02,-1.663458595853201105e-02,2.390851526824012141e-01
5.170486362232767918e-02,-1.682337162317938672e-02,2.390283998844808799e-01
5.192489386060931966e-02,-1.705843545004559481e-02,2.389588087554867790e-01
5.226561369799062606e-02,-1.734053713866205715e-02,2.388624340877970043e-01
5.275108665376197076e-02,-1.766789289363771692e-02,2.387194985704369221e-01
5.339938788315121143e-02,-1.803642530828991272e-02,2.385143682975294221e-01
5.421963732251910278e-02,-1.844108751198287460e-02,2.382401737304162270e-01
5.521342379889557228e-02,-1.887590284656073120e-02,2.378785661305814203e-01
5.637572317047268022e-02,-1.933348009458023958e-02,2.374090284781389670e-01
5.769464469652626354e-02,-1.980309479285363716e-02,2.368177928948597410e-01
5.915141582219014121e-02,-2.027040067465843073e-02,2.361028134785007893e-01
6.072236172223233197e-02,-2.071950408112478367e-02,2.352768472438271363e-01
6.237973757766418492e-02,-2.113502377756753398e-02,2.343540271905353023e-01
6.409051221571511470e-02,-2.150361212930066920e-02,2.333595463272900572e-01
6.581712792246127708e-02,-2.181577161721658803e-02,2.323363410850511901e-01
6.751919588323974930e-02,-2.206619222705947375e-02,2.313301549786142552e-01
6.915735899026478894e-02,-2.225256094405401661e-02,2.303828870429675824e-01
7.069774799353086003e-02,-2.237660310693230167e-02,2.295248411351006323e-01
7.211264766939262660e-02,-2.244587747299688768e-02,2.287670020706616125e-01
7.338202712250269100e-02,-2.247252824523116033e-02,2.281083408865584305e-01
7.449527152659644880e-02,-2.247159719747337039e-02,2.275386835309986255e-01
7.545148229301260057e-02,-2.245901964366400771e-02,2.270581743039447598e-01
7.625706150048483511e-02,-2.245011044586315424e-02,2.266614438394952136e-01
7.692310023787435336e-02,-2.245837032739762817e-02,2.263542926541843303e-01
7.746350148627172139e-02,-2.249525500164854808e-02,2.261223822592477450e-01
7.789623528414321707e-02,-2.256862504745207193e-02,2.259495316759583539e-01
7.824456916343525137e-02,-2.268316618522096470e-02,2.258404212293806113e-01
7.853098505868835733e-02,-2.284221027227158890e-02,2.258012514791735426e-01
7.877274482480040030e-02,-2.304749423388938526e-02,2.258448019904268356e-01
7.897932798929767351e-02,-2.329871211446889537e-02,2.259745888431411720e-01
7.915307439163338232e-02,-2.359549578780958598e-02,2.261869240552600302e-01
7.929426321507160313e-02,-2.393791844514690098e-02,2.264759525765752124e-01
7.940569621838788894e-02,-2.432431709511145498e-02,2.268253337514546386e-01
7.949188593465802977e-02,-2.475202810723499749e-02,2.272234207422461072e-01
7.955668732032672441e-02,-2.521855120359426522e-02,2.276637094352987334e-01
7.960458672871500996e-02,-2.572226202452078045e-02,2.281402094774215294e-01
7.964224876997993974e-02,-2.626167507017396555e-02,2.286419477370247588e-01
7.967780633450029237e-02,-2.683441639376119708e-02,2.291617410053106152e-01
7.972077388513067187e-02,-2.743713525796083116e-02,2.296859636998142551e-01
7.978026108814643969e-02,-2.806677467058035780e-02,2.302087108524132064e-01
7.986269000683837715e-02,-2.871945359165822484e-02,2.307326857822368515e-01
7.996973470589689714e-02,-2.939091174459966191e-02,2.312600826808077770e-01
8.009973193659844504e-02,-3.007600380596256798e-02,2.317959727342167597e-01
8.024957346609290498e-02,-3.076897449873272281e-02,2.323437210163259437e-01
8.041742685792548084e-02,-3.146357747755741674e-02,2.329067881372013094e-01
8.060219602620233292e-02,-3.215298092038396116e-02,2.334926256901908026e-01
8.080192301111413511e-02,-3.283084225570216674e-02,2.341063058361722016e-01
8.101543260793669932e-02,-3.349272044690389249e-02,2.347417202837248362e-01
8.124295529544833805e-02,-3.413635639217436901e-02,2.354060752895481001e-01
8.148314717699196852e-02,-3.476072972457119881e-02,2.361151279548140414e-01
8.173188123959014562e-02,-3.536542930396213702e-02,2.368673274536875761e-01
8.198401740445571129e-02,-3.595032838770449712e-02,2.376502992131814818e-01
8.223608524782635709e-02,-3.651592544017485953e-02,2.384582491144852379e-01
8.248726833871591890e-02,-3.706322420042697935e-02,2.392925790230153726e-01
8.273801740952044237e-02,-3.759442998802994818e-02,2.401445763426085789e-01
8.298963776835419082e-02,-3.811217165535195350e-02,2.409934632210857797e-01
8.324363011971275261e-02,-3.861717072810976620e-02,2.418219146049965795e-01
8.350112032850520727e-02,-3.910746540296351770e-02,2.426248154084204578e-01
8.376362027043918190e-02,-3.957875933317368811e-02,2.434077629213662608e-01
8.403462929372429446e-02,-4.002576629682447207e-02,2.441755186873933448e-01
8.431934787737176140e-02,-4.044313130958586411e-02,2.449290307880473971e-01
8.462214145483595851e-02,-4.082704806824430377e-02,2.456748160249260515e-01
8.494374558475337178e-02,-4.117456598024471504e-02,2.464119527079308425e-01
8.528205170375185995e-02,-4.148330862503969013e-02,2.471402862582102178e-01
8.563344953948193172e-02,-4.175193988233258380e-02,2.478447627323737967e-01
8.599316794199866887e-02,-4.197919287307637359e-02,2.485050827706391241e-01
8.635819459333361758e-02,-4.216341987295206539e-02,2.491178345157652740e-01
8.672729536869207279e-02,-4.230229933742486736e-02,2.496911410914027241e-01
8.709871227787109593e-02,-4.239229959904409345e-02,2.502306123975227004e-01
8.747152677214829752e-02,-4.242908631514542145e-02,2.507341052145390381e-01
8.784975917693392533e-02,-4.240950118782699924e-02,2.511985581879837559e-01
8.824140460832657906e-02,-4.233279179488975280e-02,2.516095696522533953e-01
8.865301994964831789e-02,-4.219919659791560723e-02,2.519620041048522552e-01
8.908762795287661351e-02,-4.200967998829798628e-02,2.522543042226942367e-01
8.954617240725183669e-02,-4.176620786418443892e-02,2.524886258410738993e-01
9.002807450894852181e-02,-4.146959865216419405e-02,2.526677534234320621e-01
9.053061273129989206e-02,-4.111962539258356975e-02,2.527835512512778271e-01
9.105102902277115162e-02,-4.071640081861516158e-02,2.528267773625243464e-01
9.158806125718864377e-02,-4.025886731485730369e-02,2.527953178672169288e-01
9.214133466216298252e-02,-3.974516332417730308e-02,2.526959175939006985e-01
9.271021078737874677e-02,-3.917494803885190197e-02,2.525386321454691219e-01
9.329377085190621033e-02,-3.855015009915933877e-02,2.523172580130069176e-01
9.389258600907501862e-02,-3.787583006278252146e-02,2.520238233731749156e-01
9.450704770914021557e-02,-3.715944050433424295e-02,2.516618351688743038e-01
9.513736099095970733e-02,-3.640902428412830238e-02,2.512442574178646582e-01
9.578449197961216854e-02,-3.563238970824111201e-02,2.508017645082378233e-01
9.644619097088208415e-02,-3.483998135523713735e-02,2.503804096922493949e-01
9.711540917973827958e-02,-3.404442121281125305e-02,2.499967876660363075e-01
9.778397290180039503e-02,-3.325550574446196894e-02,2.496481006775112532e-01
9.844187571866665210e-02,-3.248156179288152340e-02,2.493266572586790852e-01
9.908047053878117627e-02,-3.172946093436171400e-02,2.490246712328538503e-01
9.969216413536341470e-02,-3.100420600703176002e-02,2.487381431934695686e-01
1.002705595312447240e-01,-3.030973509572998381e-02,2.484626231787116502e-01
1.008121749310461335e-01,-2.965020075599565305e-02,2.482042781582076141e-01
1.013167401409127699e-01,-2.902927002786467175e-02,2.479718938244300785e-01
1.017842269825286472e-01,-2.844969196533437411e-02,2.477607769197058551e-01
1.022117932824415654e-01,-2.791409015869152424e-02,2.475621086997220333e-01
1.025974298823245923e-01,-2.742166844930083933e-02,2.473722291286003516e-01
1.029422330292279614e-01,-2.696877472127255995e-02,2.471961566293376100e-01
1.032457207550487033e-01,-2.655301516613452553e-02,2.470406342259117982e-01
1.035092795815838462e-01,-2.617202691018647581e-02,2.469094377619735492e-01
1.037370751639850458e-01,-2.582153104327083656e-02,2.468021958530391691e-01
1.039330127699407552e-01,-2.549773242845347968e-02,2.467105633998437908e-01
1.041000543957281699e-01,-2.519940938984139428e-02,2.466292716255921169e-01
1.042397759036997468e-01,-2.492833890665109228e-02,2.465624030220418539e-01
1.043511493692916431e-01,-2.468928142623621688e-02,2.465181937804107604e-01
1.044334629370582135e-01,-2.448866162870325797e-02,2.464989800058145497e-01
1.044822570098408454e-01,-2.433653097463120418e-02,2.465049166485182852e-01
1.044931375094470122e-01,-2.424006162742647560e-02,2.465398040227707588e-01
1.044612935718333829e-01,-2.420290618359613802e-02,2.466083516911263263e-01
1.043844093791485850e-01,-2.422786152533572268e-02,2.467163126561353614e-01
1.042665191837042343e-01,-2.431448252634163532e-02,2.468537231613862903e-01
1.041153888953819245e-01,-2.446007464918311530e-02,2.469971289416864890e-01
1.039395158745834297e-01,-2.466016634945877514e-02,2.471406754943667461e-01
1.037437254406787523e-01,-2.491101523936962991e-02,2.472894072644413188e-01
1.035314471903699962e-01,-2.520773309760794903e-02,2.474475401243949046e-01
1.033046412235316264e-01,-2.554613817248820376e-02,2.476116133629742977e-01
1.030657424111899451e-01,-2.592155780154523081e-02,2.477818924412366897e-01
1.028172461860702713e-01,-2.632686081184379759e-02,2.479577939425223199e-01
1.025630207520477621e-01,-2.675408768476279439e-02,2.481437103512730835e-01
1.023053979180142820e-01,-2.719622019599096316e-02,2.483441015042726074e-01
1.020480875758219969e-01,-2.764635323918649551e-02,2.485572026073558649e-01
1.017930463237252947e-01,-2.809897014873405374e-02,2.487727158396840776e-01
1.015386862603732260e-01,-2.854907069643220635e-02,2.489829097269686542e-01
1.012846846312463467e-01,-2.899003439754110206e-02,2.491928701097459453e-01
1.010349944650629078e-01,-2.941545943242604780e-02,2.494034107002777723e-01
1.007966426104520419e-01,-2.981933880593648500e-02,2.496080374426265236e-01
1.005715870284522306e-01,-3.019881287427900879e-02,2.497994565601991401e-01
1.003602430886883778e-01,-3.055162817674672918e-02,2.499750049443994204e-01
1.001636925933923755e-01,-3.087547881294946256e-02,2.501535939047336843e-01
9.998046584230237122e-02,-3.117115746533711748e-02,2.503367321959144021e-01
9.981192498069516028e-02,-3.143837940011365295e-02,2.505061043421837885e-01
9.966111220048538832e-02,-3.167452150685399342e-02,2.506555969765519865e-01
9.953158022480289302e-02,-3.187594909103116936e-02,2.507868185203696032e-01
9.942838949639737356e-02,-3.203885940450926922e-02,2.509031344241796635e-01
9.935547237355780992e-02,-3.215993281754578326e-02,2.510059385932193465e-01
9.931581125340703531e-02,-3.223615359622605120e-02,2.511010279472961626e-01
9.931131161578474198e-02,-3.226452750876015324e-02,2.511916054399205289e-01
9.934183914150385153e-02,-3.224282039903805797e-02,2.512727520016552751e-01
9.940657872644727278e-02,-3.216958644594315048e-02,2.513359479646984918e-01
9.950277266014305455e-02,-3.204528118355082222e-02,2.513787900724458457e-01
9.962756293734179036e-02,-3.187091049630003115e-02,2.513964925664144423e-01
9.977826163613900956e-02,-3.164747273011046802e-02,2.513860728108993636e-01
9.995243605465117809e-02,-3.137648195956694447e-02,2.513532580000445993e-01
1.001477895585810435e-01,-3.106092571070485919e-02,2.512989927720027938e-01
1.003621926499184552e-01,-3.070602186125365521e-02,2.512140744848510576e-01
1.005924561367633890e-01,-3.031813517180770648e-02,2.510977780243394131e-01
1.008332105396608364e-01,-2.990470331299331652e-02,2.509552581878684019e-01
1.010786221522503997e-01,-2.947239727067085466e-02,2.507874952799186707e-01
1.013247134263067228e-01,-2.902757138023240660e-02,2.505943362429924326e-01
1.015670021287382596e-01,-2.857744526844096730e-02,2.503809442599910784e-01
1.017996086379885368e-01,-2.813093808521361858e-02,2.501642615771124123e-01
1.020167559392340662e-01,-2.769732105056727650e-02,2.499491834331755147e-01
1.022155274447986706e-01,-2.728371389571554104e-02,2.497356379426307338e-01
1.023950749092868012e-01,-2.689524949180725419e-02,2.495310619231966565e-01
1.025565523285344449e-01,-2.653437767527451127e-02,2.493436153397850519e-01
1.027018022572491335e-01,-2.620241301706646708e-02,2.491820663873237640e-01
1.028307274469011101e-01,-2.590155875619096909e-02,2.490512940351052307e-01
1.029396501593974056e-01,-2.563572816505831770e-02,2.489512484651529023e-01
1.030274681903368406e-01,-2.540755592636520857e-02,2.488801279798457389e-01
1.030970789825507855e-01,-2.521807053569042473e-02,2.488394841743610808e-01
1.031546833062251672e-01,-2.506626672297909350e-02,2.488258490394975320e-01
1.032069648683569818e-01,-2.494936858605994665e-02,2.488348905177515391e-01
1.032575043930656772e-01,-2.486448879633723977e-02,2.488699104257878492e-01
1.033066930889938034e-01,-2.480700347611785803e-02,2.489298777260509632e-01
1.033512778083782307e-01,-2.477119576958807662e-02,2.490028869273716305e-01
1.033856587729120452e-01,-2.475272886437378250e-02,2.490805679372106451e-01
1.034035476045460089e-01,-2.474918601801223000e-02,2.491637228111722169e-01
1.034012654703686668e-01,-2.475896549144858058e-02,2.492567910977993295e-01
1.033801498855321105e-01,-2.477963527210793465e-02,2.493580143790981030e-01
1.033427250674679859e-01,-2.480841457396532751e-02,2.494602900240938670e-01
1.032934012896532527e-01,-2.484161617155492344e-02,2.495615386079439724e-01
1.032353458818404818e-01,-2.487609492554597457e-02,2.496743843561186338e-01
1.031710601628225421e-01,-2.490834712819301258e-02,2.498108976867957909e-01
1.031038695614271555e-01,-2.493502099894743737e-02,2.499702140294721431e-01
1.030377840906847170e-01,-2.495389733738356472e-02,2.501316183194641218e-01
1.029732748006755433e-01,-2.496583527897825935e-02,2.502662690309682691e-01
1.029098703876857313e-01,-2.497193367631440550e-02,2.503900727615820943e-01
1.028491678059562653e-01,-2.497205885255483412e-02,2.505209025055386562e-01
1.027926169243553040e-01,-2.496621863750130010e-02,2.506672173251994207e-01
1.027400091646378383e-01,-2.495561937682153411e-02,2.508389936296505640e-01
1.026891664701082701e-01,-2.494308538614774251e-02,2.510335838437879885e-01
1.026393476088752754e-01,-2.493020449245040432e-02,2.512095439153601006e-01
1.025890743141124606e-01,-2.491942340827643654e-02,2.513394745362564353e-01
1.025384657679694750e-01,-2.491293095346039030e-02,2.514581609048796573e-01
1.024898499793985562e-01,-2.491227872206793967e-02,2.515966360208345409e-01
1.024467414072615518e-01,-2.491867250760098143e-02,2.517660479779699756e-01
1.024108585194151849e-01,-2.493467053278636963e-02,2.519614834884255083e-01
1.023817770514342390e-01,-2.496479522180844110e-02,2.521583275567782501e-01
1.023575279114475600e-01,-2.501311759981964325e-02,2.523101338126146898e-01
1.023358423661295119e-01,-2.508200315578151124e-02,2.524108580396813850e-01
1.023148783755964963e-01,-2.517201813882364789e-02,2.524718461693589711e-01
1.022935417955782716e-01,-2.528206883325448753e-02,2.525049952287382049e-01
1.022715956120913566e-01,-2.540953083743628660e-02,2.525206256826069695e-01
1.022498939681462521e-01,-2.555130397896390390e-02,2.525244306495517677e-01
1.022290219511394066e-01,-2.570483713672270382e-02,2.525144177603459994e-01
1.022085760902192858e-01,-2.586841587497464012e-02,2.524882155768364833e-01
1.021873092474276934e-01,-2.604064464105575877e-02,2.524464498279544999e-01
1.021637137524388367e-01,-2.622001451968633545e-02,2.523912960754027823e-01
1.021368311476103241e-01,-2.640445593060265772e-02,2.523266176769949909e-01
1.021058792832352097e-01,-2.659244926260645459e-02,2.522517068960331010e-01
1.020702298909199612e-01,-2.678274951793136252e-02,2.521669708965322276e-01
1.020298970931972776e-01,-2.697323647186892354e-02,2.520756002243724758e-01
1.019858174408256185e-01,-2.716033834968169594e-02,2.519801562104845294e-01
1.019410763361685707e-01,-2.734005533343119090e-02,2.518883964075258053e-01
1.019016856487472839e-01,-2.750815983923311087e-02,2.518078009137903472e-01
1.018761166283487646e-01,-2.766031353415484076e-02,2.517541911416252831e-01
1.018765794552039805e-01,-2.779290157971802191e-02,2.517236062301402844e-01
1.019197793339069597e-01,-2.790191895912913500e-02,2.517066164896575309e-01
1.020271600974821252e-01,-2.798201551470573187e-02,2.517011891339864249e-01
1.022229563483355169e-01,-2.802671197610189652e-02,2.517105882609508849e-01
1.025323835065310163e-01,-2.802912011554139007e-02,2.517419655103487752e-01
1.029775743919545128e-01,-2.798237503964239384e-02,2.517954565181257931e-01
1.035748300224323404e-01,-2.787937164381971283e-02,2.518656217068331316e-01
1.043335592511844961e-01,-2.771404151409635752e-02,2.519398247353641929e-01
1.052563023426648509e-01,-2.748218053905605168e-02,2.520004834609509414e-01
1.063368708261614448e-01,-2.718206541135037915e-02,2.520265043050969878e-01
1.075617491466947101e-01,-2.681381220967876677e-02,2.519934291780004942e-01
1.089119784800393759e-01,-2.637868675654508194e-02,2.518733520287395611e-01
1.103641054000197852e-01,-2.587882961792616759e-02,2.516397861993237561e-01
1.118916694844695192e-01,-2.531648432796696629e-02,2.512735930143115137e-01
1.134659682069004139e-01,-2.469325039145880279e-02,2.507627687591273413e-01
1.150564458936091244e-01,-2.400848313839220108e-02,2.501109235764070182e-01
1.166310946592135911e-01,-2.325892922351124881e-02,2.493434303870958046e-01
1.181599321157219828e-01,-2.244135365163902121e-02,2.484923134901493025e-01
1.196161328214719183e-01,-2.155354782362703739e-02,2.475824753240984111e-01
1.209787066485570189e-01,-2.059556406004144427e-02,2.466305329520881162e-01
1.222346561859878056e-01,-1.957004990694052871e-02,2.456547476088199178e-01
1.233805857323984206e-01,-1.848262388268392259e-02,2.446696728524401232e-01
1.244219130450176236e-01,-1.734073922231778309e-02,2.436838775403633583e-01
1.253725896009829643e-01,-1.615324757305889106e-02,2.426977367962450949e-01
1.262538394515784201e-01,-1.492889684126893005e-02,2.417237604703327547e-01
1.270881175059144774e-01,-1.367690229285712517e-02,2.407722766329266906e-01
1.278933362255032513e-01,-1.240744098520941800e-02,2.398501487988559944e-01
1.286817729989515324e-01,-1.113088474350131495e-02,2.389576815740439564e-01
1.294618796819617668e-01,-9.856906339980441717e-03,2.381047134922486819e-01
1.302408802020927903e-01,-8.592978768418680496e-03,2.373018917864902766e-01
1.310232761176283733e-01,-7.342753168880139514e-03,2.365603497244099240e-01
1.318106973145375671e-01,-6.106274218475952684e-03,2.358824748115793957e-01
1.326007610630024203e-01,-4.880360981344029729e-03,2.352609830018414228e-01
1.333895512253417126e-01,-3.660265804246354195e-03,2.346868727064838622e-01
1.341706894458857546e-01,-2.439219936016535830e-03,2.341470194981831177e-01
1.349378141135878506e-01,-1.211782043395021524e-03,2.336377209320002202e-01
1.356888811323373745e-01,2.621362876958135144e-05,2.331514255457945994e-01
1.364259865596646470e-01,1.274703878011589075e-03,2.326712807571924557e-01
1.371557315000648813e-01,2.526939595955558955e-03,2.321971478560915236e-01
1.378851727955627826e-01,3.767474425231158268e-03,2.317374325223634790e-01
1.386227520817536196e-01,4.974153827078335761e-03,2.313152002424380127e-01
1.393779894382416451e-01,6.124570983923863579e-03,2.309593281693748390e-01
1.401604354418831133e-01,7.195601672217485922e-03,2.306858195778248022e-01
1.409730197011042074e-01,8.166583522846724078e-03,2.304743347065849324e-01
1.418083573583918955e-01,9.020892785699247823e-03,2.303060351473343037e-01
1.426582904000045227e-01,9.748651333633416571e-03,2.301841446779097078e-01
1.435201229470525197e-01,1.035113866395596244e-02,2.300944673664281348e-01
1.443939080646886031e-01,1.083670890738702187e-02,2.300442398997334104e-01
1.452803187662699280e-01,1.121885352061879546e-02,2.300563262870641557e-01
1.461793591840803708e-01,1.151423080644390501e-02,2.301016964101218754e-01
1.470883945376747493e-01,1.173937958768086695e-02,2.301438651603514574e-01
1.480040898918888459e-01,1.190565648387479671e-02,2.301688386393505870e-01
1.489239797842212831e-01,1.201946643308983084e-02,2.301707221649576252e-01
1.498459269772070834e-01,1.208474352799665009e-02,2.301479855108728156e-01
1.507668558461589814e-01,1.210526458820265598e-02,2.301030718972701394e-01
1.516830010863197409e-01,1.208235968971400204e-02,2.300419345639966306e-01
1.525902296392464275e-01,1.201465992014323809e-02,2.299618374648410013e-01
1.534835659574595446e-01,1.190017412819010210e-02,2.298662918041685654e-01
1.543581712966977104e-01,1.173579955887445181e-02,2.297525824982042109e-01
1.552095770756925230e-01,1.151645350508057400e-02,2.296239628337356786e-01
1.560343205811968725e-01,1.123489610879939947e-02,2.294886770917703989e-01
1.568296035415461254e-01,1.088475914763316690e-02,2.293569729206671459e-01
1.575939714706152961e-01,1.046418589197358959e-02,2.292302616689467498e-01
1.583294997602997245e-01,9.976280825149600254e-03,2.291127631294424261e-01
1.590403382460732762e-01,9.427336720951378160e-03,2.290130753064962277e-01
1.597305367772738904e-01,8.826325841119270904e-03,2.289342567711746546e-01
1.604043693554387806e-01,8.183409795427191991e-03,2.288796987382744064e-01
1.610691939707902809e-01,7.508209057358106175e-03,2.288436720052454965e-01
1.617341857784951875e-01,6.809332812514285425e-03,2.288160429825305542e-01
1.624087659924845495e-01,6.094769207004715333e-03,2.287897911468618206e-01
1.631016660081575642e-01,5.371353333580076474e-03,2.287614936244957153e-01
1.638201047546269662e-01,4.644141099841486708e-03,2.287361315723260013e-01
1.645672370458294564e-01,3.916882335718312527e-03,2.287185449516197511e-01
1.653440365350739849e-01,3.193206277619296124e-03,2.287138410567027547e-01
1.661493833339716120e-01,2.476745117819999665e-03,2.287235385147510236e-01
1.669797494341777877e-01,1.771217264927763815e-03,2.287331775982889004e-01
1.678286460769007060e-01,1.080620103399037180e-03,2.287239322254361329e-01
1.686883882604293117e-01,4.094592382722913129e-04,2.286888363602265217e-01
1.695539242208902453e-01,-2.375415585381467174e-04,2.286385092066756108e-01
1.704243991583723750e-01,-8.566609975929981996e-04,2.285832578232759593e-01
1.713006344994233709e-01,-1.445212798861981746e-03,2.285359037782552227e-01
1.721834202962713167e-01,-2.001348192062764580e-03,2.285026593097105874e-01
1.730726828424760111e-01,-2.523479205430602564e-03,2.284839768484513423e-01
1.739668979686504746e-01,-3.009677632511387115e-03,2.284738424435472925e-01
1.748628548117394377e-01,-3.457740687618354562e-03,2.284646744425784526e-01
1.757576312591396239e-01,-3.864735197621748612e-03,2.284524828964280829e-01
1.766514796677254862e-01,-4.227185047412541398e-03,2.284301729292417815e-01
1.775448204274915898e-01,-4.542222421814444758e-03,2.283890004232605464e-01
1.784367766324219118e-01,-4.808080391906490066e-03,2.283212954431803332e-01
1.793253880019835822e-01,-5.024161212675753822e-03,2.282155858684462302e-01
1.802071650593026209e-01,-5.190644909945279183e-03,2.280716571438936302e-01
1.810762035904216471e-01,-5.307789833242989620e-03,2.279049664113210749e-01
1.819256062676902763e-01,-5.376136349188760481e-03,2.277335876596018605e-01
1.827491133087545405e-01,-5.397389032449362474e-03,2.275687249702600667e-01
1.835426947478485393e-01,-5.374523991887238984e-03,2.274156492077944458e-01
1.843044281485097247e-01,-5.312145408838817723e-03,2.272671327446242340e-01
1.850341271086606565e-01,-5.216209199422191731e-03,2.271089063946025721e-01
1.857334725911871098e-01,-5.093659853387992598e-03,2.269363624451123662e-01
1.864047057715310651e-01,-4.951227780327669553e-03,2.267668002978338593e-01
1.870495539358019432e-01,-4.794797532252414833e-03,2.266168840824958342e-01
1.876713314942957400e-01,-4.630052170386979651e-03,2.264872263883348225e-01
1.882763095843759671e-01,-4.462189145965874890e-03,2.263706607004208338e-01
1.888724315343282556e-01,-4.294526513190399797e-03,2.262583963597158687e-01
1.894634643520238249e-01,-4.128064870878743117e-03,2.261474259113971097e-01
1.900470588974068065e-01,-3.961889913283787694e-03,2.260422399918936287e-01
1.906171104147776629e-01,-3.794559896227527387e-03,2.259425229660446399e-01
1.911678332070295139e-01,-3.624938215806257705e-03,2.258436692054610617e-01
1.916972422035405910e-01,-3.452619816086344856e-03,2.257416513152576409e-01
1.922085452870203603e-01,-3.278906038607315096e-03,2.256471127919465747e-01
1.927086720324006908e-01,-3.106101076529084720e-03,2.255620259458365751e-01
1.932027176120550971e-01,-2.936206228135259180e-03,2.254849865219257787e-01
1.936912142937539105e-01,-2.770340124972502007e-03,2.254260172545566043e-01
1.941717950282833005e-01,-2.608775896029943628e-03,2.253932770348006098e-01
1.946419389288920332e-01,-2.451082470606249543e-03,2.253814689241624980e-01
1.950984932024853458e-01,-2.297648247278059365e-03,2.253808056056069709e-01
1.955379187222468507e-01,-2.150881993003113651e-03,2.253822062408072924e-01
1.959575137462459260e-01,-2.013166678050585124e-03,2.253829850330830442e-01
1.963555611536013934e-01,-1.885925964552018436e-03,2.253860546113693186e-01
1.967295822513872305e-01,-1.769293478728930754e-03,2.254050006856918031e-01
1.970776366952994574e-01,-1.662079614304272281e-03,2.254481724986511226e-01
1.973998149715419925e-01,-1.562704018728582533e-03,2.255123523065438729e-01
1.976975809294682085e-01,-1.470736237103006331e-03,2.255910038313656552e-01
1.979724578266058299e-01,-1.386835051095717608e-03,2.256787028427064135e-01
1.982264590142160110e-01,-1.311172769694535526e-03,2.257678251221725829e-01
1.984608168229110847e-01,-1.243297979176447585e-03,2.258581552412277371e-01
1.986750713137044044e-01,-1.182584482443778916e-03,2.259471368082644760e-01
1.988688879798074238e-01,-1.127712630168616623e-03,2.260372575536841733e-01
1.990425492759281823e-01,-1.077368035204868523e-03,2.261358415377408282e-01
1.991959268732286514e-01,-1.031064567115025019e-03,2.262455676402792271e-01
1.993284276807363586e-01,-9.882118736364898810e-04,2.263709275343109562e-01
1.994403041369222085e-01,-9.474171444098464798e-04,2.265054516613007607e-01
1.995347216512892985e-01,-9.074716522204168611e-04,2.266385919976041108e-01
1.996165307461497396e-01,-8.681740601665007820e-04,2.267701430244684624e-01
1.996906316558957339e-01,-8.304974567515551170e-04,2.269101788738829284e-01
1.997629152485812520e-01,-7.957891063653995409e-04,2.270664839494443699e-01
1.998401549970319491e-01,-7.656858652785195150e-04,2.272326940368991632e-01
1.999298318170479594e-01,-7.416845327999036386e-04,2.273939110150995091e-01
2.000394143743106368e-01,-7.253654859083781548e-04,2.275436785225522229e-01
2.001757786460350852e-01,-7.186100380677566896e-04,2.276878631495621308e-01
2.003432413202205220e-01,-7.236643421632116659e-04,2.278345727940553900e-01
2.005422121251945744e-01,-7.417160930346580056e-04,2.279837767208851007e-01
2.007684099992353699e-01,-7.728068009696400197e-04,2.281217244637890051e-01
2.010129578581120458e-01,-8.161192988931199139e-04,2.282316172317555847e-01
2.012661346705518772e-01,-8.717652428459618042e-04,2.283096049494038327e-01
2.015203644968089347e-01,-9.420356475968227677e-04,2.283533958379566908e-01
2.017705256052753637e-01,-1.030865122920432463e-03,2.283637402362354296e-01
2.020131741575993123e-01,-1.141721569506202018e-03,2.283462906815944271e-01
2.022443143059360904e-01,-1.276508593966827745e-03,2.283043111451914520e-01
2.024576269894775571e-01,-1.435673279298725581e-03,2.282404047084863052e-01
2.026476199070489370e-01,-1.618511188355469454e-03,2.281523799682617648e-01
2.028127042713012140e-01,-1.822904786775926284e-03,2.280423763580796404e-01
2.029564945865882097e-01,-2.045857410297041452e-03,2.279260639936523669e-01
2.030851328392044575e-01,-2.283179482906687058e-03,2.278085699606881842e-01
2.032056767773408601e-01,-2.528580982608468440e-03,2.276917356898802425e-01
2.033239632571822164e-01,-2.774076748436826723e-03,2.275847378200221427e-01
2.034434219463401583e-01,-3.011479452263857506e-03,2.274869220371187328e-01
2.035668701526281710e-01,-3.234228529117117324e-03,2.273865145577131375e-01
2.036973846981667002e-01,-3.437934076336044385e-03,2.272733270528087546e-01
2.038376185428460163e-01,-3.619985748533244112e-03,2.271453134138984864e-01
2.039896813494462835e-01,-3.779609909748335439e-03,2.270158868212320546e-01
2.041558353160628503e-01,-3.917881985157948936e-03,2.268926975385948674e-01
2.043371010104397534e-01,-4.037503713062920788e-03,2.267786738408983371e-01
2.045320295890798723e-01,-4.141980721227005169e-03,2.266750440736056138e-01
2.047361610436462809e-01,-4.234220682672434552e-03,2.265807351635681643e-01
2.049422975366154698e-01,-4.314686448123314366e-03,2.264872235260041999e-01
2.051418298721807976e-01,-4.381957269419581823e-03,2.263842834632448231e-01
2.053270440469858737e-01,-4.434178889557638913e-03,2.262670551217512982e-01
2.054946277178274217e-01,-4.470521622916214140e-03,2.261401520965279077e-01
2.056437721160571663e-01,-4.491283206391255209e-03,2.260133986348532020e-01
2.057736219476564987e-01,-4.497909294432297575e-03,2.258989004736857709e-01
2.058835404572358918e-01,-4.491717416046777864e-03,2.258044973288755308e-01
2.059732200774093136e-01,-4.472788208651943924e-03,2.257260895257910405e-01
2.060421745403838434e-01,-4.439739917248163546e-03,2.256600586172921863e-01
2.060905987149646845e-01,-4.390467333434251891e-03,2.256053640976265484e-01
2.061194654892313793e-01,-4.323765959667224407e-03,2.255594154763318759e-01
2.061307269347358029e-01,-4.239553314664073515e-03,2.255202303551907261e-01
2.061261158947170768e-01,-4.138813870870538744e-03,2.254900838077149305e-01
2.061061446808867270e-01,-4.023635323436218145e-03,2.254695664725084592e-01
2.060720747947775433e-01,-3.896461247468449313e-03,2.254583502616019364e-01
2.060287300354138318e-01,-3.759948750946085199e-03,2.254469703038974315e-01
2.059834992556840716e-01,-3.616782071010965147e-03,2.254245980886396827e-01
2.059423798652066373e-01,-3.468759519924246530e-03,2.253920336466535002e-01
2.059088368550610892e-01,-3.316423348986044257e-03,2.253514640205303288e-01
2.058841140807065873e-01,-3.159190029794299494e-03,2.253058006808220104e-01
2.058683013030367659e-01,-2.996538839962397793e-03,2.252596047128940793e-01
2.058595812449781626e-01,-2.828540525636628888e-03,2.252143836960115997e-01
2.058551350494512433e-01,-2.655718459687959193e-03,2.251709424736168530e-01
2.058530086115137325e-01,-2.478842846810984813e-03,2.251334581713253513e-01
2.058525537311712839e-01,-2.299141503201464643e-03,2.251042203127947561e-01
2.058545710469200096e-01,-2.118803828832269576e-03,2.250817178725551260e-01
2.058609673797568429e-01,-1.940580886578834778e-03,2.250637860396105805e-01
2.058730856900619355e-01,-1.766604680542853585e-03,2.250556496904197734e-01
2.058922073350669679e-01,-1.598456431303335763e-03,2.250613586515170517e-01
2.059191883658814670e-01,-1.437376329505670987e-03,2.250835001589172879e-01
2.059546997238739796e-01,-1.284168314110293793e-03,2.251279498128537782e-01
2.059985482275827062e-01,-1.139060748896706917e-03,2.251994867428613600e-01
2.060491372961720802e-01,-1.002901981467520156e-03,2.252934520321336342e-01
2.061041505697433218e-01,-8.769323825835667954e-04,2.253952889279696170e-01
2.061608687880144564e-01,-7.627632760888349147e-04,2.254879840152091974e-01
2.062164672953013533e-01,-6.611576355729269694e-04,2.255655973540420522e-01
2.062677234919618741e-01,-5.724589305926232243e-04,2.256393978253532218e-01
2.063119949603824665e-01,-4.964933402077536563e-04,2.257192438291320269e-01
2.063478267960257295e-01,-4.324638429576992040e-04,2.258148049561762571e-01
2.063752168139455778e-01,-3.795704371204347105e-04,2.259301637020360298e-01
2.063944952323298609e-01,-3.374702458578813418e-04,2.260548135579669438e-01
2.064056436957237839e-01,-3.060332720680257576e-04,2.261690009613857855e-01
2.064087325121448657e-01,-2.851711524715748328e-04,2.262651375836413070e-01
2.064039199178778761e-01,-2.749605041880824889e-04,2.263359855949713950e-01
2.063917460143179505e-01,-2.760970397985121924e-04,2.263856460169566265e-01
2.063725387034001657e-01,-2.893440392463557582e-04,2.264225387915876075e-01
2.063467832463104501e-01,-3.150435739172216206e-04,2.264529546158016160e-01
2.063150544928067653e-01,-3.529011058225607037e-04,2.264793708348380730e-01
2.062777775630721400e-01,-4.024643596795250428e-04,2.265056355358187057e-01
2.062357686744516472e-01,-4.628856843571172103e-04,2.265314258719005325e-01
2.061907914622662930e-01,-5.331153668902212416e-04,2.265584745661040345e-01
2.061452260493564226e-01,-6.120156059187321137e-04,2.265868476326645953e-01
2.061010058887313423e-01,-6.981309735917746225e-04,2.266092669630004330e-01
2.060604275554784870e-01,-7.901229575534653203e-04,2.266235383110853652e-01
2.060255430946432154e-01,-8.865915290167387768e-04,2.266314886300848930e-01
2.059978773920871364e-01,-9.863803261496533175e-04,2.266382106149154863e-01
2.059781828300475959e-01,-1.087672895233590198e-03,2.266443430011268190e-01
2.059658384855053703e-01,-1.188714150627731862e-03,2.266507157973377262e-01
2.059597574070867743e-01,-1.288102777079842484e-03,2.266592489943767830e-01
2.059592257972188145e-01,-1.385416424958488095e-03,2.266686461593867830e-01
2.059631755563564592e-01,-1.480708196824437458e-03,2.266759874081673842e-01
2.059706003202116387e-01,-1.574290343472041064e-03,2.266781057925558451e-01
2.059813139982641372e-01,-1.666972630110538905e-03,2.266785027475429204e-01
2.059949092218995026e-01,-1.759863846852456398e-03,2.266826613996174022e-01
2.060111105271677789e-01,-1.853554790143614262e-03,2.266917087637438377e-01
2.060298195777273689e-01,-1.948046718066682439e-03,2.267042466140984369e-01
2.060508364779263524e-01,-2.041947061096296978e-03,2.267146908132809391e-01
2.060724419870844648e-01,-2.133073491172150348e-03,2.267185133511512851e-01
2.060915547697589334e-01,-2.219543227205340950e-03,2.267171152121114364e-01
2.061054995710116799e-01,-2.300145441444926588e-03,2.267132280440972425e-01
2.061129062125204581e-01,-2.373506228233610450e-03,2.267085557561056008e-01
2.061130072046936379e-01,-2.438328842887091744e-03,2.267039453036454599e-01
2.061053357551373144e-01,-2.493864252139193355e-03,2.267013350911193381e-01
2.060912577470107865e-01,-2.539868262028758747e-03,2.267025562030100250e-01
2.060733763288637999e-01,-2.576085966169528590e-03,2.267066379846510438e-01
2.060536873727560614e-01,-2.602481546479087048e-03,2.267109103559252492e-01
2.060335279157848032e-01,-2.619448942201131700e-03,2.267114005452290915e-01
2.060143347526174618e-01,-2.627534712902709901e-03,2.267103043525871553e-01
2.059972818222853275e-01,-2.627260813134149608e-03,2.267106919532181353e-01
2.059836222182530319e-01,-2.619433531402098978e-03,2.267130782892482488e-01
2.059738613610190561e-01,-2.605135097367813207e-03,2.267172314758497120e-01
2.059674735979746818e-01,-2.585315040673360869e-03,2.267242138444306720e-01
2.059636426019666178e-01,-2.560299527955124752e-03,2.267370603082459191e-01
2.059619591819533690e-01,-2.529906887262155842e-03,2.267551387937867258e-01
2.059628091560160579e-01,-2.493180141316771875e-03,2.267722502420998487e-01
2.059671793486202440e-01,-2.449076457393290461e-03,2.267790213518083298e-01
2.059758444459381388e-01,-2.396947760296370532e-03,2.267763688931318522e-01
2.059891315303988002e-01,-2.336594402149062312e-03,2.267705390094576501e-01
2.060066674433327916e-01,-2.268053346471288634e-03,2.267646149433670266e-01
2.060274058400564656e-01,-2.191718197882227149e-03,2.267595246623235472e-01
2.060505717916560342e-01,-2.108321807606126745e-03,2.267552241503809629e-01
2.060749758842539137e-01,-2.019492908366409770e-03,2.267533640855833033e-01
2.060987228989040188e-01,-1.927233659520036441e-03,2.267573374244189477e-01
2.061203480794291665e-01,-1.833213750277082202e-03,2.267701254218549844e-01
2.061400789241511489e-01,-1.738946973373615545e-03,2.267890652519506667e-01
2.061597432646353201e-01,-1.646453656641917252e-03,2.268101648844078611e-01
2.061811042198242738e-01,-1.558039709422681402e-03,2.268324384972942309e-01
2.062049976888988279e-01,-1.475101162594418111e-03,2.268644425296684197e-01
2.062307428824860789e-01,-1.398181087219213048e-03,2.269035885467601821e-01
2.062555999332229550e-01,-1.327092683100158238e-03,2.269439875763720194e-01
2.062754082088111840e-01,-1.261353488104071698e-03,2.269849542698038902e-01
2.062866363050669394e-01,-1.199831239561525075e-03,2.270285681598420147e-01
2.062881623073652693e-01,-1.140799925484130154e-03,2.270734805990644312e-01
2.062809506884332178e-01,-1.081724744339682609e-03,2.271179550696366123e-01
2.062683301856857720e-01,-1.019331269504703116e-03,2.271555996098352792e-01
2.062555142700027155e-01,-9.504706415097723040e-04,2.271781287725942455e-01
2.062500018639312205e-01,-8.717469943802891134e-04,2.271841538675208605e-01
2.062610521335678793e-01,-7.799500440057704478e-04,2.271817180079798160e-01
2.063002133962478224e-01,-6.722658405291512870e-04,2.271814686891665269e-01
2.063823560775014110e-01,-5.457933398613414727e-04,2.271934179070843884e-01
2.065302439933146827e-01,-3.976928378530775535e-04,2.272477078688228957e-01
2.067743817048365018e-01,-2.248031284885636835e-04,2.273947905976338446e-01
2.071502398458912875e-01,-2.333770231964154087e-05,2.276932683908169108e-01
2.076928587221807676e-01,2.118615997798617184e-04,2.281584492751765059e-01
2.084298014436880009e-01,4.876076902107067128e-04,2.287489213158825085e-01
2.093787038049836902e-01,8.125002931728168235e-04,2.294159025321003131e-01
2.105461331624166599e-01,1.196045744872433012e-03,2.301403447538726277e-01
2.119291299253924232e-01,1.646520825628237277e-03,2.309370189882494762e-01
2.135226641828225635e-01,2.168744072836536509e-03,2.318484428749608139e-01
2.153253925410426872e-01,2.762144123064295097e-03,2.329809624111044142e-01
2.173474611849107452e-01,3.419969723229825120e-03,2.344443832140924999e-01
2.196103905204676576e-01,4.129549256405662047e-03,2.363110222640805447e-01
2.221448107123456805e-01,4.873012278629556410e-03,2.385942780018613096e-01
2.249841940153294306e-01,5.628005415125575568e-03,2.412477771657624004e-01
2.281601044565254588e-01,6.370345331632764133e-03,2.442641292035178380e-01
2.316912246936131126e-01,7.075859489498603425e-03,2.476358318941457026e-01
2.355838076279475057e-01,7.723056652374677561e-03,2.513490855006363933e-01
2.398393038085635254e-01,8.298152394184644606e-03,2.553773179477609734e-01
2.444622542483411154e-01,8.798679072255132655e-03,2.596352780493075829e-01
2.494649811451260246e-01,9.232814583216704743e-03,2.640184808826797069e-01
2.548629021412780471e-01,9.617523406354249946e-03,2.684251689514748906e-01
2.606813569206609116e-01,9.977338209435923991e-03,2.727717421490682970e-01
2.669515740512862223e-01,1.034229432545404059e-02,2.770050398804743685e-01
2.737005832235290814e-01,1.074332709218976320e-02,2.810647109695602608e-01
2.809473528670545783e-01,1.120927212470159903e-02,2.848520137003867081e-01
2.887051878821337292e-01,1.175971531981139656e-02,2.882068446114787741e-01
2.969744675378954146e-01,1.239694895626145335e-02,2.910182245784002641e-01
3.057426229382965710e-01,1.310706216721293886e-02,2.932586884307747943e-01
3.149930933379561648e-01,1.387064836254728664e-02,2.949268257401749804e-01
3.246931178078961699e-01,1.465881373511284877e-02,2.960282408393062337e-01
3.347938832545712673e-01,1.543825628261186710e-02,2.965117273732756908e-01
3.452470020153597385e-01,1.618760976565587414e-02,2.962819212042099304e-01
3.560011943946788660e-01,1.689373747376674353e-02,2.952595205415960433e-01
3.670125469292045972e-01,1.755490223778907385e-02,2.935006426709238503e-01
3.782289524366220235e-01,1.817698295787311194e-02,2.912008836555027846e-01
3.895887068849527846e-01,1.877514267084287244e-02,2.884440862987318610e-01
4.010197250074721831e-01,1.936308320837147601e-02,2.852264325165311254e-01
4.124493759374603385e-01,1.993354732069476873e-02,2.816344559898729116e-01
4.238246008094779804e-01,2.046297940007437907e-02,2.777420705528232392e-01
4.350975411850641072e-01,2.093271691627666617e-02,2.736375844402981761e-01
4.462216596418234760e-01,2.133399568379697880e-02,2.693531000588132440e-01
4.571436618888560788e-01,2.165878129499334420e-02,2.649024264979572552e-01
4.677971159199719731e-01,2.190633572213466704e-02,2.602896078222338705e-01
4.781235257505832559e-01,2.208448238518680509e-02,2.555907594468549981e-01
4.880856532615708843e-01,2.221056045637373813e-02,2.510054732194681448e-01
4.976928610362204575e-01,2.230018705781772193e-02,2.464599097367386749e-01
5.070155022738616069e-01,2.236452584352352502e-02,2.416405289813275403e-01
5.161678303380342614e-01,2.241041307285634651e-02,2.363880462126705384e-01
5.252490031083035804e-01,2.244558455447470680e-02,2.309122368647392176e-01
